Workbook

Sheet name to web
A1: Ruben Dias | B1: https://fbref.com/en/players/31c69ef1/all_comps/Ruben-Dias-Stats---All-Competitions | C1: https://fbref.com/en/players/31c69ef1/Ruben-Dias
A2: Josko Gvardiol | B2: https://fbref.com/en/players/5ad50391/all_comps/Josko-Gvardiol-Stats---All-Competitions | C2: https://fbref.com/en/players/5ad50391/Josko-Gvardiol
A3: Kevin De Bruyne | B3: https://fbref.com/en/players/e46012d4/all_comps/Kevin-De-Bruyne-Stats---All-Competitions | C3: https://fbref.com/en/players/e46012d4/Kevin-De-Bruyne
A4: Mateo Kovacic | B4: https://fbref.com/en/players/79c0821a/all_comps/Mateo-Kovacic-Stats---All-Competitions | C4: https://fbref.com/en/players/79c0821a/Mateo-Kovacic
A5: Bernardo Silva | B5: http://fbref.com/en/players/3eb22ec9/all_comps/Bernardo-Silva-Stats---All-Competitions | C5: https://fbref.com/en/players/3eb22ec9/Bernardo-Silva
A6: Erling Haaland | B6: https://fbref.com/en/players/1f44ac21/all_comps/Erling-Haaland-Stats---All-Competitions | C6: https://fbref.com/en/players/1f44ac21/Erling-Haaland
A7: Jamal Musiala | B7: https://fbref.com/en/players/2c0558b8/all_comps/Jamal-Musiala-Stats---All-Competitions | C7: https://fbref.com/en/players/2c0558b8/Jamal-Musiala
A8: Robert Lewandowski | B8: https://fbref.com/en/players/8d78e732/all_comps/Robert-Lewandowski-Stats---All-Competitions | C8: https://fbref.com/en/players/8d78e732/Robert-Lewandowski
A9: Lamine Yamal | B9: https://fbref.com/en/players/82ec26c1/all_comps/Lamine-Yamal-Stats---All-Competitions | C9: https://fbref.com/en/players/82ec26c1/Lamine-Yamal
A30: No data
A31: Abdukodir Khusanov | B31: https://fbref.com/en/players/d17ce930/all_comps/Abdukodir-Khusanov-Stats---All-Competitions | C31: https://fbref.com/en/players/d17ce930/Abdukodir-Khusanov
A32: Phil Foden | B32: https://fbref.com/en/players/ed1e53f3/all_comps/Phil-Foden-Stats---All-Competitions | C32: https://fbref.com/en/players/ed1e53f3/Phil-Foden
A33: Omar Marmoush | B33: https://fbref.com/en/players/0e0102eb/all_comps/Omar-Marmoush-Stats---All-Competitions | C33: https://fbref.com/en/players/0e0102eb/Omar-Marmoush
A34: Matheus Nunes | B34: https://fbref.com/en/players/e6af02e0/all_comps/Matheus-Nunes-Stats---All-Competitions | C34: https://fbref.com/en/players/e6af02e0/Matheus-Nunes
A35: Ilkay Gundogan | B35: https://fbref.com/en/players/819b3158/all_comps/Ilkay-Gundogan-Stats---All-Competitions | C35: https://fbref.com/en/players/819b3158/Ilkay-Gundogan
A36: Rico Lewis | B36: https://fbref.com/en/players/b57e066e/all_comps/Rico-Lewis-Stats---All-Competitions | C36: https://fbref.com/en/players/b57e066e/Rico-Lewis
A37: Nico O’Reilly | B37: https://fbref.com/en/players/91ca4a16/all_comps/Nico-OReilly-Stats---All-Competitions | C37: https://fbref.com/en/players/91ca4a16/Nico-OReilly
A38: Nico Gonzalez | B38: https://fbref.com/en/players/2c56a792/all_comps/Nicolas-Gonzalez-Stats---All-Competitions | C38: https://fbref.com/en/players/2c56a792/Nicolas-Gonzalez
A39: Jeremy Doku | B39: https://fbref.com/en/players/fffea3e5/all_comps/Jeremy-Doku-Stats---All-Competitions | C39: https://fbref.com/en/players/fffea3e5/Jeremy-Doku
A40: Savinho | B40: https://fbref.com/en/players/fe6e7156/all_comps/Savio-Stats---All-Competitions | C40: https://fbref.com/en/players/fe6e7156/Savio

Sheet 球員儀表板 (Dashboard)
B2: 球員戰術儀表板 (近期狀態分析)
B4: 球員 | C4: 近期進攻參與 (G+A) | D4: 防守綜合貢獻 (Tkl+Int+Blocks) | E4: 近5場傳球成功率 (%) | F4: 近5場推進傳球 (PrgP)
B5: Ruben Dias | C5: 1 | D5: 11 | E5: 94.2 | F5: 25
B6: Josko Gvardiol | C6: 0 | D6: 17 | E6: 83.6 | F6: 22
B7: Kevin De Bruyne | C7: 0 | D7: 0 | E7: 74.7 | F7: 29
B8: Mateo Kovacic | C8: 1 | D8: 19 | E8: 89.8 | F8: 27
B9: Bernardo Silva | C9: 1 | D9: 12 | E9: 83.5 | F9: 25
B10: Erling Haaland | C10: 1 | D10: 4 | E10: 68.2 | F10: 2
B11: Jamal Musiala | C11: 1 | D11: 13 | E11: 68.2 | F11: 13
B12: Robert Lewandowski | C12: 0 | D12: 2 | E12: 66.4 | F12: 6
B13: Lamine Yamal | C13: 6 | D13: 8 | E13: 64.7 | F13: 21

Sheet important data
D1: Defence | H1: Attack | O1: Passes
D2: Tackles | E2: Interceptions | F2: Blocks | H2: Goals | I2: Assists | J2: Shots | K2: npxGoals | L2: xAG | M2: SCA | O2: Attempt | P2: Cmp% | Q2: PrgP
A3: Ruben Dias | C3: Lastest 5 games | D3: ='Ruben Dias'!V8 -> 0.5 | E3: ='Ruben Dias'!W8 -> 0.6 | F3: ='Ruben Dias'!X8 -> 2
C4: Career | D4: ='Ruben Dias'!V9 -> 0.73 | E4: ='Ruben Dias'!W9 -> 0.86 | F4: ='Ruben Dias'!X9 -> 0.93
A6: Josko Gvardiol | C6: Lastest 5 games | D6: ='Josko Gvardiol'!V8 -> 1.75 | E6: ='Josko Gvardiol'!W8 -> 1.6 | F6: ='Josko Gvardiol'!X8 -> 0.75 | H6: ='Josko Gvardiol'!M8 -> 0 | I6: ='Josko Gvardiol'!N8 -> 0 | J6: ='Josko Gvardiol'!Q8 -> 0.8 | K6: ='Josko Gvardiol'!Z8 -> 0.075 | L6: ='Josko Gvardiol'!AA8 -> 0.025 | M6: ='Josko Gvardiol'!AB8 -> 1.75 | O6: ='Josko Gvardiol'!AE8 -> 64.25 | P6: ='Josko Gvardiol'!AF8 -> 81.5 | Q6: ='Josko Gvardiol'!AG8 -> 6
C7: Career | D7: ='Josko Gvardiol'!V9 -> 1.61 | E7: ='Josko Gvardiol'!W9 -> 1.19 | F7: ='Josko Gvardiol'!X9 -> 1.25 | H7: ='Josko Gvardiol'!M9 -> 0.11 | I7: ='Josko Gvardiol'!N9 -> 0.02 | J7: ='Josko Gvardiol'!Q9 -> 0.99 | K7: ='Josko Gvardiol'!Z9 -> 0.1 | L7: ='Josko Gvardiol'!AA9 -> 0.17 | M7: ='Josko Gvardiol'!AB9 -> 1.94 | O7: ='Josko Gvardiol'!AE9 -> 74.71 | P7: ='Josko Gvardiol'!AF9 -> 0.907 | Q7: ='Josko Gvardiol'!AG9 -> 7.35
A9: Kevin De Bruyne | C9: Lastest 5 games | H9: ='Kevin De Bruyne'!M8 -> 0 | I9: ='Kevin De Bruyne'!N8 -> 0 | J9: ='Kevin De Bruyne'!Q8 -> 3 | K9: ='Kevin De Bruyne'!Z8 -> 0.43333333 | L9: ='Kevin De Bruyne'!AA8 -> 0.13333333 | M9: ='Kevin De Bruyne'!AB8 -> 3 | O9: ='Kevin De Bruyne'!AE8 -> 48 | P9: ='Kevin De Bruyne'!AF8 -> 73.2 | Q9: ='Kevin De Bruyne'!AG8 -> 7.3333333
C10: Career | H10: ='Kevin De Bruyne'!M9 -> 0.17 | I10: ='Kevin De Bruyne'!N9 -> 0.3 | J10: ='Kevin De Bruyne'!Q9 -> 3 | K10: ='Kevin De Bruyne'!Z9 -> 0.25 | L10: ='Kevin De Bruyne'!AA9 -> 0.68 | M10: ='Kevin De Bruyne'!AB9 -> 5.7 | O10: ='Kevin De Bruyne'!AE9 -> 63.03 | P10: ='Kevin De Bruyne'!AF9 -> 0.751 | Q10: ='Kevin De Bruyne'!AG9 -> 8.15
A12: Mateo Kovacic | C12: Lastest 5 games | D12: ='Mateo Kovacic'!V8 -> 2.5 | E12: ='Mateo Kovacic'!W8 -> 1.2 | F12: ='Mateo Kovacic'!X8 -> 0.5 | H12: ='Mateo Kovacic'!M8 -> 0 | I12: ='Mateo Kovacic'!N8 -> 0.4 | J12: ='Mateo Kovacic'!Q8 -> 2 | K12: ='Mateo Kovacic'!Z8 -> 0.05 | L12: ='Mateo Kovacic'!AA8 -> 0 | M12: ='Mateo Kovacic'!AB8 -> 3.75 | O12: ='Mateo Kovacic'!AE8 -> 74.5 | P12: ='Mateo Kovacic'!AF8 -> 91.45 | Q12: ='Mateo Kovacic'!AG8 -> 7
C13: Career | D13: ='Mateo Kovacic'!V9 -> 2.66 | E13: ='Mateo Kovacic'!W9 -> 0.9 | F13: ='Mateo Kovacic'!X9 -> 0.79 | H13: ='Mateo Kovacic'!M9 -> 0.25 | I13: ='Mateo Kovacic'!N9 -> 0.07 | J13: ='Mateo Kovacic'!Q9 -> 1.8 | K13: ='Mateo Kovacic'!Z9 -> 0.08 | L13: ='Mateo Kovacic'!AA9 -> 0.21 | M13: ='Mateo Kovacic'!AB9 -> 2.91 | O13: ='Mateo Kovacic'!AE9 -> 78.22 | P13: ='Mateo Kovacic'!AF9 -> 0.927 | Q13: ='Mateo Kovacic'!AG9 -> 6.93
A15: Bernardo Silva | C15: Lastest 5 games | H15: ='Bernardo Silva'!M8 -> 0.2 | I15: ='Bernardo Silva'!N8 -> 0 | J15: ='Bernardo Silva'!Q8 -> 0.4 | K15: ='Bernardo Silva'!Z8 -> 0.15 | L15: ='Bernardo Silva'!AA8 -> 0.3 | M15: ='Bernardo Silva'!AB8 -> 3 | O15: ='Bernardo Silva'!AE8 -> 70 | P15: ='Bernardo Silva'!AF8 -> 82.55 | Q15: ='Bernardo Silva'!AG8 -> 6
C16: Career | H16: ='Bernardo Silva'!M9 -> 0.1 | I16: ='Bernardo Silva'!N9 -> 0.1 | J16: ='Bernardo Silva'!Q9 -> 1.02 | K16: ='Bernardo Silva'!Z9 -> 0.13 | L16: ='Bernardo Silva'!AA9 -> 0.28 | M16: ='Bernardo Silva'!AB9 -> 3.28 | O16: ='Bernardo Silva'!AE9 -> 58.91 | P16: ='Bernardo Silva'!AF9 -> 0.869 | Q16: ='Bernardo Silva'!AG9 -> 4.77
A18: Erling Haaland | C18: Lastest 5 games | H18: ='Erling Haaland'!M8 -> 0.4 | I18: ='Erling Haaland'!N8 -> 0 | J18: ='Erling Haaland'!Q8 -> 1.8 | K18: ='Erling Haaland'!Z8 -> 0.13333333 | L18: ='Erling Haaland'!AA8 -> 0.1 | M18: ='Erling Haaland'!AB8 -> 3
C19: Career | H19: ='Erling Haaland'!M9 -> 0.64 | I19: ='Erling Haaland'!N9 -> 0.08 | J19: ='Erling Haaland'!Q9 -> 3.59 | K19: ='Erling Haaland'!Z9 -> 0.65 | L19: ='Erling Haaland'!AA9 -> 0.74 | M19: ='Erling Haaland'!AB9 -> 2.16
A21: Jamal Musiala | C21: Lastest 5 games | H21: ='Jamal Musiala'!M8 -> 0.4 | I21: ='Jamal Musiala'!N8 -> 0 | J21: ='Jamal Musiala'!Q8 -> 2.6 | K21: ='Jamal Musiala'!Z8 -> 0.46666667 | L21: ='Jamal Musiala'!AA8 -> 0.16666667 | M21: ='Jamal Musiala'!AB8 -> 4.3333333 | O21: ='Jamal Musiala'!AE8 -> 33.666667 | P21: ='Jamal Musiala'!AF8 -> 80.366667 | Q21: ='Jamal Musiala'!AG8 -> 4
C22: Career | H22: ='Jamal Musiala'!M9 -> 0.51 | I22: ='Jamal Musiala'!N9 -> 0.17 | J22: ='Jamal Musiala'!Q9 -> 3.45 | K22: ='Jamal Musiala'!Z9 -> 0.44 | L22: ='Jamal Musiala'!AA9 -> 0.73 | M22: ='Jamal Musiala'!AB9 -> 5.85 | O22: ='Jamal Musiala'!AE9 -> 47.03 | P22: ='Jamal Musiala'!AF9 -> 0.83 | Q22: ='Jamal Musiala'!AG9 -> 5.48
A24: Robert Lewandowski | C24: Lastest 5 games | H24: ='Robert Lewandowski'!M8 -> 0.4 | I24: ='Robert Lewandowski'!N8 -> 0 | J24: ='Robert Lewandowski'!Q8 -> 2.4 | K24: ='Robert Lewandowski'!Z8 -> 0.66 | L24: ='Robert Lewandowski'!AA8 -> 0 | M24: ='Robert Lewandowski'!AB8 -> 1
C25: Career | H25: ='Robert Lewandowski'!M9 -> 0.79 | I25: ='Robert Lewandowski'!N9 -> 0.05 | J25: ='Robert Lewandowski'!Q9 -> 3.48 | K25: ='Robert Lewandowski'!Z9 -> 0.79 | L25: ='Robert Lewandowski'!AA9 -> 0.89 | M25: ='Robert Lewandowski'!AB9 -> 1.71
A27: Lamine Yamal | C27: Lastest 5 games | H27: ='Lamine Yamal'!M8 -> 0.8 | I27: ='Lamine Yamal'!N8 -> 0.2 | J27: ='Lamine Yamal'!Q8 -> 5.4 | K27: ='Lamine Yamal'!Z8 -> 0.26666667 | L27: ='Lamine Yamal'!AA8 -> 0.066666667 | M27: ='Lamine Yamal'!AB8 -> 5.6666667 | O27: ='Lamine Yamal'!AE8 -> 69 | P27: ='Lamine Yamal'!AF8 -> 75.5 | Q27: ='Lamine Yamal'!AG8 -> 5.3333333
C28: Career | H28: ='Lamine Yamal'!M9 -> 0.32 | I28: ='Lamine Yamal'!N9 -> 0.36 | J28: ='Lamine Yamal'!Q9 -> 4.49 | K28: ='Lamine Yamal'!Z9 -> 0.32 | L28: ='Lamine Yamal'!AA9 -> 0.69 | M28: ='Lamine Yamal'!AB9 -> 5.61 | O28: ='Lamine Yamal'!AE9 -> 47.98 | P28: ='Lamine Yamal'!AF9 -> 0.747 | Q28: ='Lamine Yamal'!AG9 -> 5.06

Sheet Ruben Dias
B1: Unnamed: 0_level_0 | C1: Unnamed: 1_level_0 | D1: Unnamed: 2_level_0 | E1: Unnamed: 3_level_0 | F1: Unnamed: 4_level_0 | G1: Unnamed: 5_level_0 | H1: Unnamed: 6_level_0 | I1: Unnamed: 7_level_0 | J1: Unnamed: 8_level_0 | K1: Unnamed: 9_level_0 | L1: Unnamed: 10_level_0 | M1: Performance | N1: Performance | O1: Performance | P1: Performance | Q1: Performance | R1: Performance | S1: Performance | T1: Performance | U1: Performance | V1: Performance | W1: Performance | X1: Performance | Y1: Expected | Z1: Expected | AA1: Expected | AB1: SCA | AC1: SCA | AD1: Passes | AE1: Passes | AF1: Passes | AG1: Passes | AH1: Carries | AI1: Carries | AJ1: Take-Ons | AK1: Take-Ons | AL1: Unnamed: 36_level_0
B2: Date | C2: Day | D2: Comp | E2: Round | F2: Venue | G2: Result | H2: Squad | I2: Opponent | J2: Start | K2: Pos | L2: Min | M2: Gls | N2: Ast | O2: PK | P2: PKatt | Q2: Sh | R2: SoT | S2: CrdY | T2: CrdR | U2: Touches | V2: Tkl | W2: Int | X2: Blocks | Y2: xG | Z2: npxG | AA2: xAG | AB2: SCA | AC2: GCA | AD2: Cmp | AE2: Att | AF2: Cmp% | AG2: PrgP | AH2: Carries | AI2: PrgC | AJ2: Att | AK2: Succ | AL2: Match Report
A3: 0 | B3: 45816 | C3: Sun | D3: UEFA Nations League | E3: Final | F3: Home | G3: D 2 (5)–2 (3) | H3: pt Portugal | I3: es Spain | J3: Y | K3: CB | L3: 120 | M3: 0 | N3: 0 | O3: 0 | P3: 0 | Q3: 0 | R3: 0 | S3: 0 | T3: 0 | W3: 0 | AL3: Match Report
A4: 1 | B4: 45812 | C4: Wed | D4: UEFA Nations League | E4: Semi-finals | F4: Away | G4: W 2–1 | H4: pt Portugal | I4: de Germany | J4: Y | K4: CB | L4: 90 | M4: 0 | N4: 1 | O4: 0 | P4: 0 | Q4: 0 | R4: 0 | S4: 1 | T4: 0 | W4: 1 | AL4: Match Report
A5: 2 | B5: 45802 | C5: Sun | D5: Premier League | E5: Matchweek 38 | F5: Away | G5: W 2–0 | H5: Manchester City | I5: Fulham | J5: Y* | K5: CB | L5: 90 | M5: 0 | N5: 0 | O5: 0 | P5: 0 | Q5: 0 | R5: 0 | S5: 0 | T5: 0 | U5: 82 | V5: 0 | W5: 2 | X5: 3 | Y5: 0 | Z5: 0 | AA5: 0 | AB5: 1 | AC5: 0 | AD5: 65 | AE5: 70 | AF5: 92.9 | AG5: 13 | AH5: 51 | AI5: 2 | AJ5: 0 | AK5: 0 | AL5: Match Report
A6: 3 | B6: 45797 | C6: Tue | D6: Premier League | E6: Matchweek 37 | F6: Home | G6: W 3–1 | H6: Manchester City | I6: Bournemouth | J6: Y | K6: CB | L6: 90 | M6: 0 | N6: 0 | O6: 0 | P6: 0 | Q6: 0 | R6: 0 | S6: 0 | T6: 0 | U6: 74 | V6: 1 | W6: 0 | X6: 1 | Y6: 0 | Z6: 0 | AA6: 0 | AB6: 0 | AC6: 0 | AD6: 64 | AE6: 67 | AF6: 95.5 | AG6: 4 | AH6: 53 | AI6: 3 | AJ6: 0 | AK6: 0 | AL6: Match Report
A7: 4 | B7: 45794 | C7: Sat | D7: FA Cup | E7: Final | F7: Neutral | G7: L 0–1 | H7: Manchester City | I7: Crystal Palace | J7: Y | K7: CB | L7: 90 | M7: 0 | N7: 0 | O7: 0 | P7: 0 | Q7: 0 | R7: 0 | S7: 1 | T7: 0 | W7: 0 | AL7: Match Report
A8: AVERAGE | L8: =AVERAGE(L3:L7) -> 96 | M8: =AVERAGE(M3:M7) -> 0 | N8: =AVERAGE(N3:N7) -> 0.2 | O8: =AVERAGE(O3:O7) -> 0 | P8: =AVERAGE(P3:P7) -> 0 | Q8: =AVERAGE(Q3:Q7) -> 0 | R8: =AVERAGE(R3:R7) -> 0 | S8: =AVERAGE(S3:S7) -> 0.4 | ... AK8: =AVERAGE(AK3:AK7) -> 0
A9: CAREER | M9: =C12 -> 0 | N9: =C15 -> 0 | Q9: =C14 -> 0.69 | V9: =C28 -> 0.73 | W9: =C29 -> 0.86 | X9: =C30 -> 0.93 | Z9: =C13 -> 0.05 | AA9: =C17 -> 0.06 | AB9: =C18 -> 0.96 | AE9: =C20 -> 90.4 | AF9: =C21 -> 0.935 | AG9: =C22 -> 5.85 | AK9: =C24 -> 0.07
B11: Statistic | C11: Per 90 | D11: Percentile
A12: 0 | B12: Non-Penalty Goals | C12: 0 | D12: 19
A13: 1 | B13: npxG: Non-Penalty xG | C13: 0.05 | D13: 56
A14: 2 | B14: Shots Total | C14: 0.69 | D14: 80
A15: 3 | B15: Assists | C15: 0 | D15: 27
A16: 4 | B16: xAG: Exp. Assisted Goals | C16: 0.01 | D16: 26
A17: 5 | B17: npxG + xAG | C17: 0.06 | D17: 39
A18: 6 | B18: Shot-Creating Actions | C18: 0.96 | D18: 63
A19: 7
A20: 8 | B20: Passes Attempted | C20: 90.4 | D20: 98
A21: 9 | B21: Pass Completion % | C21: 0.935 | D21: 95
A22: 10 | B22: Progressive Passes | C22: 5.85 | D22: 94
A23: 11 | B23: Progressive Carries | C23: 1.45 | D23: 91
A24: 12 | B24: Successful Take-Ons | C24: 0.07 | D24: 17
A25: 13 | B25: Touches (Att Pen) | C25: 0.93 | D25: 64
A26: 14 | B26: Progressive Passes Rec | C26: 0.3 | D26: 59
A27: 15
A28: 16 | B28: Tackles | C28: 0.73 | D28: 2
A29: 17 | B29: Interceptions | C29: 0.86 | D29: 26
A30: 18 | B30: Blocks | C30: 0.93 | D30: 14
A31: 19 | B31: Clearances | C31: 2.71 | D31: 3
A32: 20 | B32: Aerials Won | C32: 1.52 | D32: 25

Sheet Josko Gvardiol
B1: Unnamed: 0_level_0 | C1: Unnamed: 1_level_0 | D1: Unnamed: 2_level_0 | E1: Unnamed: 3_level_0 | F1: Unnamed: 4_level_0 | G1: Unnamed: 5_level_0 | H1: Unnamed: 6_level_0 | I1: Unnamed: 7_level_0 | J1: Unnamed: 8_level_0 | K1: Unnamed: 9_level_0 | L1: Unnamed: 10_level_0 | M1: Performance | N1: Performance | O1: Performance | P1: Performance | Q1: Performance | R1: Performance | S1: Performance | T1: Performance | U1: Performance | V1: Performance | W1: Performance | X1: Performance | Y1: Expected | Z1: Expected | AA1: Expected | AB1: SCA | AC1: SCA | AD1: Passes | AE1: Passes | AF1: Passes | AG1: Passes | AH1: Carries | AI1: Carries | AJ1: Take-Ons | AK1: Take-Ons | AL1: Unnamed: 36_level_0
B2: Date | C2: Day | D2: Comp | E2: Round | F2: Venue | G2: Result | H2: Squad | I2: Opponent | J2: Start | K2: Pos | L2: Min | M2: Gls | N2: Ast | O2: PK | P2: PKatt | Q2: Sh | R2: SoT | S2: CrdY | T2: CrdR | U2: Touches | V2: Tkl | W2: Int | X2: Blocks | Y2: xG | Z2: npxG | AA2: xAG | AB2: SCA | AC2: GCA | AD2: Cmp | AE2: Att | AF2: Cmp% | AG2: PrgP | AH2: Carries | AI2: PrgC | AJ2: Att | AK2: Succ | AL2: Match Report
A3: 0 | B3: 45802 | C3: Sun | D3: Premier League | E3: Matchweek 38 | F3: Away | G3: W 2–0 | H3: Manchester City | I3: Fulham | J3: Y | K3: LB | L3: 90 | M3: 0 | N3: 0 | O3: 0 | P3: 0 | Q3: 1 | R3: 1 | S3: 0 | T3: 0 | U3: 62 | V3: 2 | W3: 3 | X3: 0 | Y3: 0.2 | Z3: 0.2 | AA3: 0.1 | AB3: 3 | AC3: 0 | AD3: 41 | AE3: 53 | AF3: 77.4 | AG3: 8 | AH3: 31 | AI3: 2 | AJ3: 1 | AK3: 1 | AL3: Match Report
A4: 1 | B4: 45797 | C4: Tue | D4: Premier League | E4: Matchweek 37 | F4: Home | G4: W 3–1 | H4: Manchester City | I4: Bournemouth | J4: Y | K4: LB | L4: 90 | M4: 0 | N4: 0 | O4: 0 | P4: 0 | Q4: 0 | R4: 0 | S4: 0 | T4: 0 | U4: 56 | V4: 2 | W4: 2 | X4: 1 | Y4: 0 | Z4: 0 | AA4: 0 | AB4: 1 | AC4: 0 | AD4: 32 | AE4: 43 | AF4: 74.4 | AG4: 0 | AH4: 24 | AI4: 2 | AJ4: 1 | AK4: 0 | AL4: Match Report
A5: 2 | B5: 45794 | C5: Sat | D5: FA Cup | E5: Final | F5: Neutral | G5: L 0–1 | H5: Manchester City | I5: Crystal Palace | J5: Y | K5: CB | L5: 90 | M5: 0 | N5: 0 | O5: 0 | P5: 0 | Q5: 1 | R5: 1 | S5: 0 | T5: 0 | W5: 0 | AL5: Match Report
A6: 3 | B6: 45787 | C6: Sat | D6: Premier League | E6: Matchweek 36 | F6: Away | G6: D 0–0 | H6: Manchester City | I6: Southampton | J6: Y | K6: LB | L6: 90 | M6: 0 | N6: 0 | O6: 0 | P6: 0 | Q6: 2 | R6: 0 | S6: 0 | T6: 0 | U6: 82 | V6: 3 | W6: 1 | X6: 1 | Y6: 0.1 | Z6: 0.1 | AA6: 0 | AB6: 3 | AC6: 0 | AD6: 60 | AE6: 73 | AF6: 82.2 | AG6: 5 | AH6: 56 | AI6: 6 | AJ6: 1 | AK6: 1 | AL6: Match Report
A7: 4 | B7: 45779 | C7: Fri | D7: Premier League | E7: Matchweek 35 | F7: Home | G7: W 1–0 | H7: Manchester City | I7: Wolves | J7: Y | K7: CB,LB | L7: 90 | M7: 0 | N7: 0 | O7: 0 | P7: 0 | Q7: 0 | R7: 0 | S7: 0 | T7: 0 | U7: 95 | V7: 0 | W7: 2 | X7: 1 | Y7: 0 | Z7: 0 | AA7: 0 | AB7: 0 | AC7: 0 | AD7: 81 | AE7: 88 | AF7: 92 | AG7: 11 | AH7: 60 | AI7: 3 | AJ7: 0 | AK7: 0 | AL7: Match Report
A8: AVERAGE | L8: =AVERAGE(L3:L7) -> 90 | M8: =AVERAGE(M3:M7) -> 0 | N8: =AVERAGE(N3:N7) -> 0 | O8: =AVERAGE(O3:O7) -> 0 | P8: =AVERAGE(P3:P7) -> 0 | Q8: =AVERAGE(Q3:Q7) -> 0.8 | R8: =AVERAGE(R3:R7) -> 0.4 | S8: =AVERAGE(S3:S7) -> 0 | ... AK8: =AVERAGE(AK3:AK7) -> 0.5
A9: CAREER | M9: =C12 -> 0.11 | N9: =C15 -> 0.02 | Q9: =C14 -> 0.99 | V9: =C28 -> 1.61 | W9: =C29 -> 1.19 | X9: =C30 -> 1.25 | Z9: =C13 -> 0.1 | AA9: =C17 -> 0.17 | AB9: =C18 -> 1.94 | AE9: =C20 -> 74.71 | AF9: =C21 -> 0.907 | AG9: =C22 -> 7.35 | AK9: =C24 -> 0.64
B11: Statistic | C11: Per 90 | D11: Percentile
A12: 0 | B12: Non-Penalty Goals | C12: 0.11 | D12: 86
A13: 1 | B13: npxG: Non-Penalty xG | C13: 0.1 | D13: 89
A14: 2 | B14: Shots Total | C14: 0.99 | D14: 80
A15: 3 | B15: Assists | C15: 0.02 | D15: 13
A16: 4 | B16: xAG: Exp. Assisted Goals | C16: 0.06 | D16: 29
A17: 5 | B17: npxG + xAG | C17: 0.17 | D17: 59
A18: 6 | B18: Shot-Creating Actions | C18: 1.94 | D18: 47
A19: 7
A20: 8 | B20: Passes Attempted | C20: 74.71 | D20: 97
A21: 9 | B21: Pass Completion % | C21: 0.907 | D21: 98
A22: 10 | B22: Progressive Passes | C22: 7.35 | D22: 97
A23: 11 | B23: Progressive Carries | C23: 2.55 | D23: 80
A24: 12 | B24: Successful Take-Ons | C24: 0.64 | D24: 58
A25: 13 | B25: Touches (Att Pen) | C25: 2.51 | D25: 88
A26: 14 | B26: Progressive Passes Rec | C26: 3.28 | D26: 28
A27: 15
A28: 16 | B28: Tackles | C28: 1.61 | D28: 27
A29: 17 | B29: Interceptions | C29: 1.19 | D29: 76
A30: 18 | B30: Blocks | C30: 1.25 | D30: 69
A31: 19 | B31: Clearances | C31: 3.12 | D31: 69
A32: 20 | B32: Aerials Won | C32: 1.43 | D32: 85

Sheet Kevin De Bruyne
B1: Unnamed: 0_level_0 | C1: Unnamed: 1_level_0 | D1: Unnamed: 2_level_0 | E1: Unnamed: 3_level_0 | F1: Unnamed: 4_level_0 | G1: Unnamed: 5_level_0 | H1: Unnamed: 6_level_0 | I1: Unnamed: 7_level_0 | J1: Unnamed: 8_level_0 | K1: Unnamed: 9_level_0 | L1: Unnamed: 10_level_0 | M1: Performance | N1: Performance | O1: Performance | P1: Performance | Q1: Performance | R1: Performance | S1: Performance | T1: Performance | U1: Performance | V1: Performance | W1: Performance | X1: Performance | Y1: Expected | Z1: Expected | AA1: Expected | AB1: SCA | AC1: SCA | AD1: Passes | AE1: Passes | AF1: Passes | AG1: Passes | AH1: Carries | AI1: Carries | AJ1: Take-Ons | AK1: Take-Ons | AL1: Unnamed: 36_level_0
B2: Date | C2: Day | D2: Comp | E2: Round | F2: Venue | G2: Result | H2: Squad | I2: Opponent | J2: Start | K2: Pos | L2: Min | M2: Gls | N2: Ast | O2: PK | P2: PKatt | Q2: Sh | R2: SoT | S2: CrdY | T2: CrdR | U2: Touches | V2: Tkl | W2: Int | X2: Blocks | Y2: xG | Z2: npxG | AA2: xAG | AB2: SCA | AC2: GCA | AD2: Cmp | AE2: Att | AF2: Cmp% | AG2: PrgP | AH2: Carries | AI2: PrgC | AJ2: Att | AK2: Succ | AL2: Match Report
A3: 0 | B3: 45814 | C3: Fri | D3: WCQ | E3: First round | F3: Away | G3: D 1–1 | H3: be Belgium | I3: mk N. Macedonia | J3: Y | K3: CM | L3: 55 | M3: 0 | N3: 0 | O3: 0 | P3: 0 | Q3: 2 | R3: 0 | S3: 0 | T3: 0 | W3: 0 | AL3: Match Report
A4: 1 | B4: 45802 | C4: Sun | D4: Premier League | E4: Matchweek 38 | F4: Away | G4: W 2–0 | H4: Manchester City | I4: Fulham | J4: N | K4: AM | L4: 6 | M4: 0 | N4: 0 | O4: 0 | P4: 0 | Q4: 0 | R4: 0 | S4: 0 | T4: 0 | U4: 11 | V4: 0 | W4: 0 | X4: 0 | Y4: 0 | Z4: 0 | AA4: 0 | AB4: 0 | AC4: 0 | AD4: 7 | AE4: 11 | AF4: 63.6 | AG4: 1 | AH4: 8 | AI4: 0 | AJ4: 0 | AK4: 0 | AL4: Match Report
A5: 2 | B5: 45797 | C5: Tue | D5: Premier League | E5: Matchweek 37 | F5: Home | G5: W 3–1 | H5: Manchester City | I5: Bournemouth | J5: Y* | K5: AM | L5: 68 | M5: 0 | N5: 0 | O5: 0 | P5: 0 | Q5: 3 | R5: 0 | S5: 0 | T5: 0 | U5: 50 | V5: 0 | W5: 0 | X5: 0 | Y5: 0.9 | Z5: 0.9 | AA5: 0.1 | AB5: 2 | AC5: 0 | AD5: 36 | AE5: 44 | AF5: 81.8 | AG5: 3 | AH5: 36 | AI5: 1 | AJ5: 0 | AK5: 0 | AL5: Match Report
A6: 3 | B6: 45794 | C6: Sat | D6: FA Cup | E6: Final | F6: Neutral | G6: L 0–1 | H6: Manchester City | I6: Crystal Palace | J6: Y* | K6: DM | L6: 90 | M6: 0 | N6: 0 | O6: 0 | P6: 0 | Q6: 4 | R6: 0 | S6: 1 | T6: 0 | W6: 0 | AL6: Match Report
A7: 4 | B7: 45787 | C7: Sat | D7: Premier League | E7: Matchweek 36 | F7: Away | G7: D 0–0 | H7: Manchester City | I7: Southampton | J7: Y* | K7: CM,AM | L7: 90 | M7: 0 | N7: 0 | O7: 0 | P7: 0 | Q7: 5 | R7: 1 | S7: 0 | T7: 0 | U7: 97 | V7: 0 | W7: 0 | X7: 0 | Y7: 0.4 | Z7: 0.4 | AA7: 0.3 | AB7: 7 | AC7: 0 | AD7: 66 | AE7: 89 | AF7: 74.2 | AG7: 18 | AH7: 57 | AI7: 3 | AJ7: 2 | AK7: 1 | AL7: Match Report
A8: AVERAGE | L8: =AVERAGE(L4:L7) -> 63.5 | M8: =AVERAGE(M4:M7) -> 0 | N8: =AVERAGE(N4:N7) -> 0 | O8: =AVERAGE(O4:O7) -> 0 | P8: =AVERAGE(P4:P7) -> 0 | Q8: =AVERAGE(Q4:Q7) -> 3 | R8: =AVERAGE(R4:R7) -> 0.25 | S8: =AVERAGE(S4:S7) -> 0.25 | ... AK8: =AVERAGE(AK4:AK7) -> 0.33333333
A9: CAREER | M9: =C12 -> 0.17 | N9: =C15 -> 0.3 | Q9: =C14 -> 3 | V9: =C28 -> 0.99 | W9: =C29 -> 0.3 | X9: =C30 -> 0.51 | Z9: =C13 -> 0.25 | AA9: =C17 -> 0.68 | AB9: =C18 -> 5.7 | AE9: =C20 -> 63.03 | AF9: =C21 -> 0.751 | AG9: =C22 -> 8.15 | AK9: =C24 -> 0.64
B10: Statistic | C10: Per 90 | D10: Percentile
A12: 0 | B12: Non-Penalty Goals | C12: 0.17 | D12: 27
A13: 1 | B13: npxG: Non-Penalty xG | C13: 0.25 | D13: 59
A14: 2 | B14: Shots Total | C14: 3 | D14: 83
A15: 3 | B15: Assists | C15: 0.3 | D15: 83
A16: 4 | B16: xAG: Exp. Assisted Goals | C16: 0.43 | D16: 99
A17: 5 | B17: npxG + xAG | C17: 0.68 | D17: 91
A18: 6 | B18: Shot-Creating Actions | C18: 5.7 | D18: 95
A19: 7
A20: 8 | B20: Passes Attempted | C20: 63.03 | D20: 97
A21: 9 | B21: Pass Completion % | C21: 0.751 | D21: 46
A22: 10 | B22: Progressive Passes | C22: 8.15 | D22: 98
A23: 11 | B23: Progressive Carries | C23: 2.79 | D23: 35
A24: 12 | B24: Successful Take-Ons | C24: 0.64 | D24: 4
A25: 13 | B25: Touches (Att Pen) | C25: 4.46 | D25: 55
A26: 14 | B26: Progressive Passes Rec | C26: 8.23 | D26: 60
A27: 15
A28: 16 | B28: Tackles | C28: 0.99 | D28: 28
A29: 17 | B29: Interceptions | C29: 0.3 | D29: 20
A30: 18 | B30: Blocks | C30: 0.51 | D30: 12
A31: 19 | B31: Clearances | C31: 0.47 | D31: 37
A32: 20 | B32: Aerials Won | C32: 0.21 | D32: 16

Sheet Mateo Kovacic
B1: Unnamed: 0_level_0 | C1: Unnamed: 1_level_0 | D1: Unnamed: 2_level_0 | E1: Unnamed: 3_level_0 | F1: Unnamed: 4_level_0 | G1: Unnamed: 5_level_0 | H1: Unnamed: 6_level_0 | I1: Unnamed: 7_level_0 | J1: Unnamed: 8_level_0 | K1: Unnamed: 9_level_0 | L1: Unnamed: 10_level_0 | M1: Performance | N1: Performance | O1: Performance | P1: Performance | Q1: Performance | R1: Performance | S1: Performance | T1: Performance | U1: Performance | V1: Performance | W1: Performance | X1: Performance | Y1: Expected | Z1: Expected | AA1: Expected | AB1: SCA | AC1: SCA | AD1: Passes | AE1: Passes | AF1: Passes | AG1: Passes | AH1: Carries | AI1: Carries | AJ1: Take-Ons | AK1: Take-Ons | AL1: Unnamed: 36_level_0
B2: Date | C2: Day | D2: Comp | E2: Round | F2: Venue | G2: Result | H2: Squad | I2: Opponent | J2: Start | K2: Pos | L2: Min | M2: Gls | N2: Ast | O2: PK | P2: PKatt | Q2: Sh | R2: SoT | S2: CrdY | T2: CrdR | U2: Touches | V2: Tkl | W2: Int | X2: Blocks | Y2: xG | Z2: npxG | AA2: xAG | AB2: SCA | AC2: GCA | AD2: Cmp | AE2: Att | AF2: Cmp% | AG2: PrgP | AH2: Carries | AI2: PrgC | AJ2: Att | AK2: Succ | AL2: Match Report
A3: 0 | B3: 45797 | C3: Tue | D3: Premier League | E3: Matchweek 37 | F3: Home | G3: W 3–1 | H3: Manchester City | I3: Bournemouth | J3: Y | K3: DM | L3: 66 | M3: 0 | N3: 1 | O3: 0 | P3: 0 | Q3: 1 | R3: 0 | S3: 0 | T3: 1 | U3: 91 | V3: 1 | W3: 2 | X3: 0 | Y3: 0 | Z3: 0 | AA3: 0 | AB3: 4 | AC3: 2 | AD3: 82 | AE3: 85 | AF3: 96.5 | AG3: 8 | AH3: 63 | AI3: 2 | AJ3: 1 | AK3: 1 | AL3: Match Report
A4: 1 | B4: 45787 | C4: Sat | D4: Premier League | E4: Matchweek 36 | F4: Away | G4: D 0–0 | H4: Manchester City | I4: Southampton | J4: Y | K4: DM | L4: 83 | M4: 0 | N4: 0 | O4: 0 | P4: 0 | Q4: 3 | R4: 0 | S4: 0 | T4: 0 | U4: 73 | V4: 1 | W4: 2 | X4: 0 | Y4: 0.1 | Z4: 0.1 | AA4: 0 | AB4: 6 | AC4: 0 | AD4: 56 | AE4: 64 | AF4: 87.5 | AG4: 7 | AH4: 50 | AI4: 2 | AJ4: 1 | AK4: 1 | AL4: Match Report
A5: 2 | B5: 45779 | C5: Fri | D5: Premier League | E5: Matchweek 35 | F5: Home | G5: W 1–0 | H5: Manchester City | I5: Wolves | J5: Y | K5: DM | L5: 89 | M5: 0 | N5: 0 | O5: 0 | P5: 0 | Q5: 3 | R5: 0 | S5: 0 | T5: 0 | U5: 100 | V5: 6 | W5: 0 | X5: 1 | Y5: 0.1 | Z5: 0.1 | AA5: 0 | AB5: 4 | AC5: 0 | AD5: 81 | AE5: 87 | AF5: 93.1 | AG5: 7 | AH5: 73 | AI5: 1 | AJ5: 1 | AK5: 0 | AL5: Match Report
A6: 3 | B6: 45774 | C6: Sun | D6: FA Cup | E6: Semi-finals | F6: Away | G6: W 2–0 | H6: Manchester City | I6: Nott'ham Forest | J6: Y | K6: DM | L6: 88 | M6: 0 | N6: 1 | O6: 0 | P6: 0 | Q6: 1 | R6: 1 | S6: 0 | T6: 0 | W6: 1 | AL6: Match Report
A7: 4 | B7: 45769 | C7: Tue | D7: Premier League | E7: Matchweek 34 | F7: Home | G7: W 2–1 | H7: Manchester City | I7: Aston Villa | J7: Y | K7: DM | L7: 90 | M7: 0 | N7: 0 | O7: 0 | P7: 0 | Q7: 2 | R7: 2 | S7: 0 | T7: 0 | U7: 70 | V7: 2 | W7: 1 | X7: 1 | Y7: 0 | Z7: 0 | AA7: 0 | AB7: 1 | AC7: 0 | AD7: 55 | AE7: 62 | AF7: 88.7 | AG7: 6 | AH7: 55 | AI7: 2 | AJ7: 0 | AK7: 0 | AL7: Match Report
A8: AVERAGE | L8: =AVERAGE(L3:L7) -> 83.2 | M8: =AVERAGE(M3:M7) -> 0 | N8: =AVERAGE(N3:N7) -> 0.4 | O8: =AVERAGE(O3:O7) -> 0 | P8: =AVERAGE(P3:P7) -> 0 | Q8: =AVERAGE(Q3:Q7) -> 2 | R8: =AVERAGE(R3:R7) -> 0.6 | S8: =AVERAGE(S3:S7) -> 0 | ... AK8: =AVERAGE(AK3:AK7) -> 0.5
A9: CAREER | M9: =C12 -> 0.25 | N9: =C15 -> 0.07 | Q9: =C14 -> 1.8 | V9: =C28 -> 2.66 | W9: =C29 -> 0.9 | X9: =C30 -> 0.79 | Z9: =C13 -> 0.08 | AA9: =C17 -> 0.21 | AB9: =C18 -> 2.91 | AE9: =C20 -> 78.22 | AF9: =C21 -> 0.927 | AG9: =C22 -> 6.93 | AK9: =C24 -> 0.9
B11: Statistic | C11: Per 90 | D11: Percentile
A12: 0 | B12: Non-Penalty Goals | C12: 0.25 | D12: 95
A13: 1 | B13: npxG: Non-Penalty xG | C13: 0.08 | D13: 59
A14: 2 | B14: Shots Total | C14: 1.8 | D14: 90
A15: 3 | B15: Assists | C15: 0.07 | D15: 50
A16: 4 | B16: xAG: Exp. Assisted Goals | C16: 0.13 | D16: 79
A17: 5 | B17: npxG + xAG | C17: 0.21 | D17: 70
A18: 6 | B18: Shot-Creating Actions | C18: 2.91 | D18: 75
A19: 7
A20: 8 | B20: Passes Attempted | C20: 78.22 | D20: 95
A21: 9 | B21: Pass Completion % | C21: 0.927 | D21: 98
A22: 10 | B22: Progressive Passes | C22: 6.93 | D22: 88
A23: 11 | B23: Progressive Carries | C23: 2.41 | D23: 91
A24: 12 | B24: Successful Take-Ons | C24: 0.9 | D24: 75
A25: 13 | B25: Touches (Att Pen) | C25: 0.72 | D25: 28
A26: 14 | B26: Progressive Passes Rec | C26: 0.79 | D26: 12
A27: 15
A28: 16 | B28: Tackles | C28: 2.66 | D28: 78
A29: 17 | B29: Interceptions | C29: 0.9 | D29: 44
A30: 18 | B30: Blocks | C30: 0.79 | D30: 12
A31: 19 | B31: Clearances | C31: 0.83 | D31: 9
A32: 20 | B32: Aerials Won | C32: 0.36 | D32: 12

Sheet Bernardo Silva
B1: Unnamed: 0_level_0 | C1: Unnamed: 1_level_0 | D1: Unnamed: 2_level_0 | E1: Unnamed: 3_level_0 | F1: Unnamed: 4_level_0 | G1: Unnamed: 5_level_0 | H1: Unnamed: 6_level_0 | I1: Unnamed: 7_level_0 | J1: Unnamed: 8_level_0 | K1: Unnamed: 9_level_0 | L1: Unnamed: 10_level_0 | M1: Performance | N1: Performance | O1: Performance | P1: Performance | Q1: Performance | R1: Performance | S1: Performance | T1: Performance | U1: Performance | V1: Performance | W1: Performance | X1: Performance | Y1: Expected | Z1: Expected | AA1: Expected | AB1: SCA | AC1: SCA | AD1: Passes | AE1: Passes | AF1: Passes | AG1: Passes | AH1: Carries | AI1: Carries | AJ1: Take-Ons | AK1: Take-Ons | AL1: Unnamed: 36_level_0
B2: Date | C2: Day | D2: Comp | E2: Round | F2: Venue | G2: Result | H2: Squad | I2: Opponent | J2: Start | K2: Pos | L2: Min | M2: Gls | N2: Ast | O2: PK | P2: PKatt | Q2: Sh | R2: SoT | S2: CrdY | T2: CrdR | U2: Touches | V2: Tkl | W2: Int | X2: Blocks | Y2: xG | Z2: npxG | AA2: xAG | AB2: SCA | AC2: GCA | AD2: Cmp | AE2: Att | AF2: Cmp% | AG2: PrgP | AH2: Carries | AI2: PrgC | AJ2: Att | AK2: Succ | AL2: Match Report
A3: 0 | B3: 45816 | C3: Sun | D3: UEFA Nations League | E3: Final | F3: Home | G3: D 2 (5)–2 (3) | H3: pt Portugal | I3: es Spain | J3: Y | K3: CM | L3: 73 | M3: 0 | N3: 0 | O3: 0 | P3: 0 | Q3: 0 | R3: 0 | S3: 0 | T3: 0 | W3: 1 | AL3: Match Report
A4: 1 | B4: 45812 | C4: Wed | D4: UEFA Nations League | E4: Semi-finals | F4: Away | G4: W 2–1 | H4: pt Portugal | I4: de Germany | J4: Y | K4: CM | L4: 90 | M4: 0 | N4: 0 | O4: 0 | P4: 0 | Q4: 0 | R4: 0 | S4: 0 | T4: 0 | W4: 0 | AL4: Match Report
A5: 2 | B5: 45802 | C5: Sun | D5: Premier League | E5: Matchweek 38 | F5: Away | G5: W 2–0 | H5: Manchester City | I5: Fulham | J5: Y | K5: DM | L5: 90 | M5: 0 | N5: 0 | O5: 0 | P5: 0 | Q5: 0 | R5: 0 | S5: 0 | T5: 0 | U5: 87 | V5: 2 | W5: 2 | X5: 0 | Y5: 0 | Z5: 0 | AA5: 0.6 | AB5: 4 | AC5: 0 | AD5: 61 | AE5: 81 | AF5: 75.3 | AG5: 8 | AH5: 55 | AI5: 2 | AJ5: 0 | AK5: 0 | AL5: Match Report
A6: 3 | B6: 45797 | C6: Tue | D6: Premier League | E6: Matchweek 37 | F6: Home | G6: W 3–1 | H6: Manchester City | I6: Bournemouth | J6: Y | K6: RW | L6: 89 | M6: 1 | N6: 0 | O6: 0 | P6: 0 | Q6: 1 | R6: 1 | S6: 0 | T6: 0 | U6: 73 | V6: 1 | W6: 1 | X6: 3 | Y6: 0.3 | Z6: 0.3 | AA6: 0 | AB6: 2 | AC6: 0 | AD6: 53 | AE6: 59 | AF6: 89.8 | AG6: 4 | AH6: 42 | AI6: 1 | AJ6: 0 | AK6: 0 | AL6: Match Report
A7: 4 | B7: 45794 | C7: Sat | D7: FA Cup | E7: Final | F7: Neutral | G7: L 0–1 | H7: Manchester City | I7: Crystal Palace | J7: Y | K7: DM | L7: 87 | M7: 0 | N7: 0 | O7: 0 | P7: 0 | Q7: 1 | R7: 0 | S7: 1 | T7: 0 | W7: 0 | AL7: Match Report
A8: AVERAGE | L8: =AVERAGE(L3:L7) -> 85.8 | M8: =AVERAGE(M3:M7) -> 0.2 | N8: =AVERAGE(N3:N7) -> 0 | O8: =AVERAGE(O3:O7) -> 0 | P8: =AVERAGE(P3:P7) -> 0 | Q8: =AVERAGE(Q3:Q7) -> 0.4 | R8: =AVERAGE(R3:R7) -> 0.2 | S8: =AVERAGE(S3:S7) -> 0.2 | ... AK8: =AVERAGE(AK3:AK7) -> 0
A9: CAREER | M9: =C12 -> 0.1 | N9: =C15 -> 0.1 | Q9: =C14 -> 1.02 | V9: =C28 -> 1.78 | W9: =C29 -> 0.68 | X9: =C30 -> 1.26 | Z9: =C13 -> 0.13 | AA9: =C17 -> 0.28 | AB9: =C18 -> 3.28 | AE9: =C20 -> 58.91 | AF9: =C21 -> 0.869 | AG9: =C22 -> 4.77 | AK9: =C24 -> 0.89
B11: Statistic | C11: Per 90 | D11: Percentile
A12: 0 | B12: Non-Penalty Goals | C12: 0.1 | D12: 69
A13: 1 | B13: npxG: Non-Penalty xG | C13: 0.13 | D13: 82
A14: 2 | B14: Shots Total | C14: 1.02 | D14: 54
A15: 3 | B15: Assists | C15: 0.1 | D15: 64
A16: 4 | B16: xAG: Exp. Assisted Goals | C16: 0.15 | D16: 84
A17: 5 | B17: npxG + xAG | C17: 0.28 | D17: 84
A18: 6 | B18: Shot-Creating Actions | C18: 3.28 | D18: 82
A19: 7
A20: 8 | B20: Passes Attempted | C20: 58.91 | D20: 76
A21: 9 | B21: Pass Completion % | C21: 0.869 | D21: 69
A22: 10 | B22: Progressive Passes | C22: 4.77 | D22: 55
A23: 11 | B23: Progressive Carries | C23: 3.51 | D23: 98
A24: 12 | B24: Successful Take-Ons | C24: 0.89 | D24: 75
A25: 13 | B25: Touches (Att Pen) | C25: 4.61 | D25: 99
A26: 14 | B26: Progressive Passes Rec | C26: 7.1 | D26: 97
A27: 15
A28: 16 | B28: Tackles | C28: 1.78 | D28: 35
A29: 17 | B29: Interceptions | C29: 0.68 | D29: 23
A30: 18 | B30: Blocks | C30: 1.26 | D30: 59
A31: 19 | B31: Clearances | C31: 0.94 | D31: 14
A32: 20 | B32: Aerials Won | C32: 0.13 | D32: 2

Sheet Erling Haaland
B1: Unnamed: 0_level_0 | C1: Unnamed: 1_level_0 | D1: Unnamed: 2_level_0 | E1: Unnamed: 3_level_0 | F1: Unnamed: 4_level_0 | G1: Unnamed: 5_level_0 | H1: Unnamed: 6_level_0 | I1: Unnamed: 7_level_0 | J1: Unnamed: 8_level_0 | K1: Unnamed: 9_level_0 | L1: Unnamed: 10_level_0 | M1: Performance | N1: Performance | O1: Performance | P1: Performance | Q1: Performance | R1: Performance | S1: Performance | T1: Performance | U1: Performance | V1: Performance | W1: Performance | X1: Performance | Y1: Expected | Z1: Expected | AA1: Expected | AB1: SCA | AC1: SCA | AD1: Passes | AE1: Passes | AF1: Passes | AG1: Passes | AH1: Carries | AI1: Carries | AJ1: Take-Ons | AK1: Take-Ons | AL1: Unnamed: 36_level_0
B2: Date | C2: Day | D2: Comp | E2: Round | F2: Venue | G2: Result | H2: Squad | I2: Opponent | J2: Start | K2: Pos | L2: Min | M2: Gls | N2: Ast | O2: PK | P2: PKatt | Q2: Sh | R2: SoT | S2: CrdY | T2: CrdR | U2: Touches | V2: Tkl | W2: Int | X2: Blocks | Y2: xG | Z2: npxG | AA2: xAG | AB2: SCA | AC2: GCA | AD2: Cmp | AE2: Att | AF2: Cmp% | AG2: PrgP | AH2: Carries | AI2: PrgC | AJ2: Att | AK2: Succ | AL2: Match Report
A3: 0 | B3: 45814 | C3: Fri | D3: WCQ | E3: First round | F3: Home | G3: W 3–0 | H3: no Norway | I3: it Italy | J3: Y | K3: FW | L3: 90 | M3: 1 | N3: 0 | O3: 0 | P3: 0 | Q3: 1 | R3: 1 | S3: 0 | T3: 0 | W3: 0 | AL3: Match Report
A4: 1 | B4: 45802 | C4: Sun | D4: Premier League | E4: Matchweek 38 | F4: Away | G4: W 2–0 | H4: Manchester City | I4: Fulham | J4: Y | K4: FW | L4: 84 | M4: 1 | N4: 0 | O4: 1 | P4: 1 | Q4: 3 | R4: 0 | S4: 0 | T4: 0 | U4: 16 | V4: 0 | W4: 0 | X4: 0 | Y4: 1 | Z4: 0.2 | AA4: 0.1 | AB4: 3 | AC4: 0 | AD4: 7 | AE4: 9 | AF4: 77.8 | AG4: 1 | AH4: 10 | AI4: 1 | AJ4: 0 | AK4: 0 | AL4: Match Report
A5: 2 | B5: 45797 | C5: Tue | D5: Premier League | E5: Matchweek 37 | F5: Home | G5: W 3–1 | H5: Manchester City | I5: Bournemouth | J5: Y | K5: FW | L5: 82 | M5: 0 | N5: 0 | O5: 0 | P5: 0 | Q5: 1 | R5: 1 | S5: 0 | T5: 0 | U5: 28 | V5: 1 | W5: 0 | X5: 1 | Y5: 0.1 | Z5: 0.1 | AA5: 0 | AB5: 3 | AC5: 0 | AD5: 14 | AE5: 19 | AF5: 73.7 | AG5: 1 | AH5: 19 | AI5: 3 | AJ5: 4 | AK5: 2 | AL5: Match Report
A6: 3 | B6: 45794 | C6: Sat | D6: FA Cup | E6: Final | F6: Neutral | G6: L 0–1 | H6: Manchester City | I6: Crystal Palace | J6: Y | K6: FW | L6: 90 | M6: 0 | N6: 0 | O6: 0 | P6: 0 | Q6: 3 | R6: 1 | S6: 0 | T6: 0 | W6: 0 | AL6: Match Report
A7: 4 | B7: 45787 | C7: Sat | D7: Premier League | E7: Matchweek 36 | F7: Away | G7: D 0–0 | H7: Manchester City | I7: Southampton | J7: Y | K7: FW | L7: 90 | M7: 0 | N7: 0 | O7: 0 | P7: 0 | Q7: 1 | R7: 0 | S7: 0 | T7: 0 | U7: 17 | V7: 1 | W7: 0 | X7: 0 | Y7: 0.1 | Z7: 0.1 | AA7: 0.2 | AB7: 3 | AC7: 0 | AD7: 9 | AE7: 12 | AF7: 75 | AG7: 0 | AH7: 9 | AI7: 1 | AJ7: 0 | AK7: 0 | AL7: Match Report
A8: AVERAGE | L8: =AVERAGE(L3:L7) -> 87.2 | M8: =AVERAGE(M3:M7) -> 0.4 | N8: =AVERAGE(N3:N7) -> 0 | O8: =AVERAGE(O3:O7) -> 0.2 | P8: =AVERAGE(P3:P7) -> 0.2 | Q8: =AVERAGE(Q3:Q7) -> 1.8 | R8: =AVERAGE(R3:R7) -> 0.6 | S8: =AVERAGE(S3:S7) -> 0 | ... AK8: =AVERAGE(AK3:AK7) -> 0.66666667
A9: CAREER | M9: =C12 -> 0.64 | N9: =C15 -> 0.08 | Q9: =C14 -> 3.59 | V9: =C28 -> 0.39 | W9: =C29 -> 0.23 | X9: =C30 -> 0.39 | Z9: =C13 -> 0.65 | AA9: =C17 -> 0.74 | AB9: =C18 -> 2.16 | AE9: =C20 -> 12.09 | AF9: =C21 -> 0.684 | AG9: =C22 -> 0.74 | AK9: =C24 -> 0.41
B11: Statistic | C11: Per 90 | D11: Percentile
A12: 0 | B12: Non-Penalty Goals | C12: 0.64 | D12: 91
A13: 1 | B13: npxG: Non-Penalty xG | C13: 0.65 | D13: 94
A14: 2 | B14: Shots Total | C14: 3.59 | D14: 90
A15: 3 | B15: Assists | C15: 0.08 | D15: 27
A16: 4 | B16: xAG: Exp. Assisted Goals | C16: 0.09 | D16: 33
A17: 5 | B17: npxG + xAG | C17: 0.74 | D17: 92
A18: 6 | B18: Shot-Creating Actions | C18: 2.16 | D18: 50
A19: 7
A20: 8 | B20: Passes Attempted | C20: 12.09 | D20: 1
A21: 9 | B21: Pass Completion % | C21: 0.684 | D21: 38
A22: 10 | B22: Progressive Passes | C22: 0.74 | D22: 6
A23: 11 | B23: Progressive Carries | C23: 0.82 | D23: 23
A24: 12 | B24: Successful Take-Ons | C24: 0.41 | D24: 30
A25: 13 | B25: Touches (Att Pen) | C25: 6.37 | D25: 91
A26: 14 | B26: Progressive Passes Rec | C26: 4.01 | D26: 16
A27: 15
A28: 16 | B28: Tackles | C28: 0.39 | D28: 28
A29: 17 | B29: Interceptions | C29: 0.23 | D29: 57
A30: 18 | B30: Blocks | C30: 0.39 | D30: 17
A31: 19 | B31: Clearances | C31: 0.67 | D31: 40
A32: 20 | B32: Aerials Won | C32: 1.75 | D32: 48

Sheet Jamal Musiala
B1: Unnamed: 0_level_0 | C1: Unnamed: 1_level_0 | D1: Unnamed: 2_level_0 | E1: Unnamed: 3_level_0 | F1: Unnamed: 4_level_0 | G1: Unnamed: 5_level_0 | H1: Unnamed: 6_level_0 | I1: Unnamed: 7_level_0 | J1: Unnamed: 8_level_0 | K1: Unnamed: 9_level_0 | L1: Unnamed: 10_level_0 | M1: Performance | N1: Performance | O1: Performance | P1: Performance | Q1: Performance | R1: Performance | S1: Performance | T1: Performance | U1: Performance | V1: Performance | W1: Performance | X1: Performance | Y1: Expected | Z1: Expected | AA1: Expected | AB1: SCA | AC1: SCA | AD1: Passes | AE1: Passes | AF1: Passes | AG1: Passes | AH1: Carries | AI1: Carries | AJ1: Take-Ons | AK1: Take-Ons | AL1: Unnamed: 36_level_0
B2: Date | C2: Day | D2: Comp | E2: Round | F2: Venue | G2: Result | H2: Squad | I2: Opponent | J2: Start | K2: Pos | L2: Min | M2: Gls | N2: Ast | O2: PK | P2: PKatt | Q2: Sh | R2: SoT | S2: CrdY | T2: CrdR | U2: Touches | V2: Tkl | W2: Int | X2: Blocks | Y2: xG | Z2: npxG | AA2: xAG | AB2: SCA | AC2: GCA | AD2: Cmp | AE2: Att | AF2: Cmp% | AG2: PrgP | AH2: Carries | AI2: PrgC | AJ2: Att | AK2: Succ | AL2: Match Report
A3: 0 | B3: 45751 | C3: Fri | D3: Bundesliga | E3: Matchweek 28 | F3: Away | G3: W 3–1 | H3: Bayern Munich | I3: Augsburg | J3: Y | K3: AM | L3: 53 | M3: 1 | N3: 0 | O3: 0 | P3: 0 | Q3: 2 | R3: 1 | S3: 0 | T3: 0 | U3: 35 | V3: 0 | W3: 1 | X3: 1 | Y3: 0.4 | Z3: 0.4 | AA3: 0 | AB3: 4 | AC3: 1 | AD3: 17 | AE3: 22 | AF3: 77.3 | AG3: 3 | AH3: 18 | AI3: 2 | AJ3: 4 | AK3: 1 | AL3: Match Report
A4: 1 | B4: 45745 | C4: Sat | D4: Bundesliga | E4: Matchweek 27 | F4: Home | G4: W 3–2 | H4: Bayern Munich | I4: St. Pauli | J4: Y | K4: AM | L4: 77 | M4: 0 | N4: 0 | O4: 0 | P4: 0 | Q4: 4 | R4: 1 | S4: 0 | T4: 0 | U4: 52 | V4: 2 | W4: 1 | X4: 2 | Y4: 0.6 | Z4: 0.6 | AA4: 0.5 | AB4: 8 | AC4: 0 | AD4: 27 | AE4: 34 | AF4: 79.4 | AG4: 4 | AH4: 36 | AI4: 3 | AJ4: 7 | AK4: 3 | AL4: Match Report
A5: 2 | B5: 45739 | C5: Sun | D5: UEFA Nations League | E5: Quarter-finals | F5: Home | G5: D 3–3 | H5: de Germany | I5: it Italy | J5: Y | K5: AM | L5: 76 | M5: 1 | N5: 0 | O5: 0 | P5: 0 | Q5: 5 | R5: 1 | S5: 0 | T5: 0 | W5: 0 | AL5: Match Report
A6: 3 | B6: 45736 | C6: Thu | D6: UEFA Nations League | E6: Quarter-finals | F6: Away | G6: W 2–1 | H6: de Germany | I6: it Italy | J6: Y | K6: AM | L6: 90 | M6: 0 | N6: 0 | O6: 0 | P6: 0 | Q6: 0 | R6: 0 | S6: 0 | T6: 0 | W6: 0 | AL6: Match Report
A7: 4 | B7: 45731 | C7: Sat | D7: Bundesliga | E7: Matchweek 26 | F7: Away | G7: D 1–1 | H7: Bayern Munich | I7: Union Berlin | J7: Y | K7: AM | L7: 90 | M7: 0 | N7: 0 | O7: 0 | P7: 0 | Q7: 2 | R7: 1 | S7: 1 | T7: 0 | U7: 64 | V7: 3 | W7: 0 | X7: 2 | Y7: 0.4 | Z7: 0.4 | AA7: 0 | AB7: 1 | AC7: 0 | AD7: 38 | AE7: 45 | AF7: 84.4 | AG7: 5 | AH7: 45 | AI7: 1 | AJ7: 9 | AK7: 2 | AL7: Match Report
A8: AVERAGE | L8: =AVERAGE(L3:L7) -> 77.2 | M8: =AVERAGE(M3:M7) -> 0.4 | N8: =AVERAGE(N3:N7) -> 0 | O8: =AVERAGE(O3:O7) -> 0 | P8: =AVERAGE(P3:P7) -> 0 | Q8: =AVERAGE(Q3:Q7) -> 2.6 | R8: =AVERAGE(R3:R7) -> 0.8 | S8: =AVERAGE(S3:S7) -> 0.2 | ... AK8: =AVERAGE(AK3:AK7) -> 2
A9: CAREER | M9: =C12 -> 0.51 | N9: =C15 -> 0.17 | Q9: =C14 -> 3.45 | V9: =C28 -> 1.93 | W9: =C29 -> 0.47 | X9: =C30 -> 1.35 | Z9: =C13 -> 0.44 | AA9: =C17 -> 0.73 | AB9: =C18 -> 5.85 | AE9: =C20 -> 47.03 | AF9: =C21 -> 0.83 | AG9: =C22 -> 5.48 | AK9: =C24 -> 3.21
B11: Statistic | C11: Per 90 | D11: Percentile
A12: 0 | B12: Non-Penalty Goals | C12: 0.51 | D12: 95
A13: 1 | B13: npxG: Non-Penalty xG | C13: 0.44 | D13: 96
A14: 2 | B14: Shots Total | C14: 3.45 | D14: 91
A15: 3 | B15: Assists | C15: 0.17 | D15: 42
A16: 4 | B16: xAG: Exp. Assisted Goals | C16: 0.29 | D16: 86
A17: 5 | B17: npxG + xAG | C17: 0.73 | D17: 95
A18: 6 | B18: Shot-Creating Actions | C18: 5.85 | D18: 95
A19: 7
A20: 8 | B20: Passes Attempted | C20: 47.03 | D20: 81
A21: 9 | B21: Pass Completion % | C21: 0.83 | D21: 92
A22: 10 | B22: Progressive Passes | C22: 5.48 | D22: 82
A23: 11 | B23: Progressive Carries | C23: 4.02 | D23: 63
A24: 12 | B24: Successful Take-Ons | C24: 3.21 | D24: 98
A25: 13 | B25: Touches (Att Pen) | C25: 8.42 | D25: 97
A26: 14 | B26: Progressive Passes Rec | C26: 7.67 | D26: 52
A27: 15
A28: 16 | B28: Tackles | C28: 1.93 | D28: 88
A29: 17 | B29: Interceptions | C29: 0.47 | D29: 60
A30: 18 | B30: Blocks | C30: 1.35 | D30: 91
A31: 19 | B31: Clearances | C31: 0.17 | D31: 6
A32: 20 | B32: Aerials Won | C32: 0.44 | D32: 45

Sheet Robert Lewandowski
B1: Unnamed: 0_level_0 | C1: Unnamed: 1_level_0 | D1: Unnamed: 2_level_0 | E1: Unnamed: 3_level_0 | F1: Unnamed: 4_level_0 | G1: Unnamed: 5_level_0 | H1: Unnamed: 6_level_0 | I1: Unnamed: 7_level_0 | J1: Unnamed: 8_level_0 | K1: Unnamed: 9_level_0 | L1: Unnamed: 10_level_0 | M1: Performance | N1: Performance | O1: Performance | P1: Performance | Q1: Performance | R1: Performance | S1: Performance | T1: Performance | U1: Performance | V1: Performance | W1: Performance | X1: Performance | Y1: Expected | Z1: Expected | AA1: Expected | AB1: SCA | AC1: SCA | AD1: Passes | AE1: Passes | AF1: Passes | AG1: Passes | AH1: Carries | AI1: Carries | AJ1: Take-Ons | AK1: Take-Ons | AL1: Unnamed: 36_level_0
B2: Date | C2: Day | D2: Comp | E2: Round | F2: Venue | G2: Result | H2: Squad | I2: Opponent | J2: Start | K2: Pos | L2: Min | M2: Gls | N2: Ast | O2: PK | P2: PKatt | Q2: Sh | R2: SoT | S2: CrdY | T2: CrdR | U2: Touches | V2: Tkl | W2: Int | X2: Blocks | Y2: xG | Z2: npxG | AA2: xAG | AB2: SCA | AC2: GCA | AD2: Cmp | AE2: Att | AF2: Cmp% | AG2: PrgP | AH2: Carries | AI2: PrgC | AJ2: Att | AK2: Succ | AL2: Match Report
A3: 0 | B3: 45802 | C3: Sun | D3: La Liga | E3: Matchweek 38 | F3: Away | G3: W 3–0 | H3: Barcelona | I3: Athletic Club | J3: Y | K3: FW | L3: 88 | M3: 2 | N3: 0 | O3: 0 | P3: 0 | Q3: 5 | R3: 2 | S3: 0 | T3: 0 | U3: 16 | V3: 0 | W3: 0 | X3: 0 | Y3: 2.3 | Z3: 2.3 | AA3: 0 | AB3: 1 | AC3: 0 | AD3: 7 | AE3: 8 | AF3: 87.5 | AG3: 0 | AH3: 14 | AI3: 1 | AJ3: 1 | AK3: 0 | AL3: Match Report
A4: 1 | B4: 45795 | C4: Sun | D4: La Liga | E4: Matchweek 37 | F4: Home | G4: L 2–3 | H4: Barcelona | I4: Villarreal | J4: Y | K4: FW | L4: 73 | M4: 0 | N4: 0 | O4: 0 | P4: 0 | Q4: 1 | R4: 1 | S4: 0 | T4: 0 | U4: 19 | V4: 1 | W4: 0 | X4: 0 | Y4: 0.2 | Z4: 0.2 | AA4: 0 | AB4: 1 | AC4: 0 | AD4: 6 | AE4: 8 | AF4: 75 | AG4: 0 | AH4: 12 | AI4: 1 | AJ4: 2 | AK4: 0 | AL4: Match Report
A5: 2 | B5: 45792 | C5: Thu | D5: La Liga | E5: Matchweek 36 | F5: Away | G5: W 2–0 | H5: Barcelona | I5: Espanyol | J5: Y | K5: FW | L5: 64 | M5: 0 | N5: 0 | O5: 0 | P5: 0 | Q5: 2 | R5: 0 | S5: 0 | T5: 0 | U5: 18 | V5: 0 | W5: 0 | X5: 0 | Y5: 0.2 | Z5: 0.2 | AA5: 0 | AB5: 0 | AC5: 0 | AD5: 11 | AE5: 15 | AF5: 73.3 | AG5: 0 | AH5: 10 | AI5: 0 | AJ5: 1 | AK5: 1 | AL5: Match Report
A6: 3 | B6: 45783 | C6: Tue | D6: Champions Lg | E6: Semi-finals | F6: Away | G6: L 3–4 | H6: es Barcelona | I6: it Inter | J6: N | K6: FW | L6: 31 | M6: 0 | N6: 0 | O6: 0 | P6: 0 | Q6: 2 | R6: 0 | S6: 0 | T6: 0 | U6: 15 | V6: 0 | W6: 0 | X6: 0 | Y6: 0.5 | Z6: 0.5 | AA6: 0 | AB6: 2 | AC6: 0 | AD6: 7 | AE6: 11 | AF6: 63.6 | AG6: 3 | AH6: 5 | AI6: 0 | AJ6: 0 | AK6: 0 | AL6: Match Report
A7: 4 | B7: 45766 | C7: Sat | D7: La Liga | E7: Matchweek 32 | F7: Home | G7: W 4–3 | H7: Barcelona | I7: Celta Vigo | J7: Y | K7: FW | L7: 77 | M7: 0 | N7: 0 | O7: 0 | P7: 0 | Q7: 2 | R7: 0 | S7: 0 | T7: 0 | U7: 24 | V7: 1 | W7: 0 | X7: 0 | Y7: 0.1 | Z7: 0.1 | AA7: 0 | AB7: 1 | AC7: 1 | AD7: 11 | AE7: 16 | AF7: 68.8 | AG7: 2 | AH7: 18 | AI7: 1 | AJ7: 0 | AK7: 0 | AL7: Match Report
A8: AVERAGE | L8: =AVERAGE(L3:L7) -> 66.6 | M8: =AVERAGE(M3:M7) -> 0.4 | N8: =AVERAGE(N3:N7) -> 0 | O8: =AVERAGE(O3:O7) -> 0 | P8: =AVERAGE(P3:P7) -> 0 | Q8: =AVERAGE(Q3:Q7) -> 2.4 | R8: =AVERAGE(R3:R7) -> 0.6 | S8: =AVERAGE(S3:S7) -> 0 | ... AK8: =AVERAGE(AK3:AK7) -> 0.2
A9: CAREER | M9: =C12 -> 0.79 | N9: =C15 -> 0.05 | Q9: =C14 -> 3.48 | V9: =C28 -> 0.37 | W9: =C29 -> 0.12 | X9: =C30 -> 0.52 | Z9: =C13 -> 0.79 | AA9: =C17 -> 0.89 | AB9: =C18 -> 1.71 | AE9: =C20 -> 18.19 | AF9: =C21 -> 0.73 | AG9: =C22 -> 1.85 | AK9: =C24 -> 0.57
B11: Statistic | C11: Per 90 | D11: Percentile
A12: 0 | B12: Non-Penalty Goals | C12: 0.79 | D12: 96
A13: 1 | B13: npxG: Non-Penalty xG | C13: 0.79 | D13: 98
A14: 2 | B14: Shots Total | C14: 3.48 | D14: 88
A15: 3 | B15: Assists | C15: 0.05 | D15: 13
A16: 4 | B16: xAG: Exp. Assisted Goals | C16: 0.1 | D16: 43
A17: 5 | B17: npxG + xAG | C17: 0.89 | D17: 97
A18: 6 | B18: Shot-Creating Actions | C18: 1.71 | D18: 24
A19: 7
A20: 8 | B20: Passes Attempted | C20: 18.19 | D20: 35
A21: 9 | B21: Pass Completion % | C21: 0.73 | D21: 65
A22: 10 | B22: Progressive Passes | C22: 1.85 | D22: 61
A23: 11 | B23: Progressive Carries | C23: 0.91 | D23: 29
A24: 12 | B24: Successful Take-Ons | C24: 0.57 | D24: 48
A25: 13 | B25: Touches (Att Pen) | C25: 5.91 | D25: 82
A26: 14 | B26: Progressive Passes Rec | C26: 5.34 | D26: 53
A27: 15
A28: 16 | B28: Tackles | C28: 0.37 | D28: 22
A29: 17 | B29: Interceptions | C29: 0.12 | D29: 27
A30: 18 | B30: Blocks | C30: 0.52 | D30: 37
A31: 19 | B31: Clearances | C31: 0.84 | D31: 60
A32: 20 | B32: Aerials Won | C32: 1.38 | D32: 37

Sheet Lamine Yamal
B1: Unnamed: 0_level_0 | C1: Unnamed: 1_level_0 | D1: Unnamed: 2_level_0 | E1: Unnamed: 3_level_0 | F1: Unnamed: 4_level_0 | G1: Unnamed: 5_level_0 | H1: Unnamed: 6_level_0 | I1: Unnamed: 7_level_0 | J1: Unnamed: 8_level_0 | K1: Unnamed: 9_level_0 | L1: Unnamed: 10_level_0 | M1: Performance | N1: Performance | O1: Performance | P1: Performance | Q1: Performance | R1: Performance | S1: Performance | T1: Performance | U1: Performance | V1: Performance | W1: Performance | X1: Performance | Y1: Expected | Z1: Expected | AA1: Expected | AB1: SCA | AC1: SCA | AD1: Passes | AE1: Passes | AF1: Passes | AG1: Passes | AH1: Carries | AI1: Carries | AJ1: Take-Ons | AK1: Take-Ons | AL1: Unnamed: 36_level_0
B2: Date | C2: Day | D2: Comp | E2: Round | F2: Venue | G2: Result | H2: Squad | I2: Opponent | J2: Start | K2: Pos | L2: Min | M2: Gls | N2: Ast | O2: PK | P2: PKatt | Q2: Sh | R2: SoT | S2: CrdY | T2: CrdR | U2: Touches | V2: Tkl | W2: Int | X2: Blocks | Y2: xG | Z2: npxG | AA2: xAG | AB2: SCA | AC2: GCA | AD2: Cmp | AE2: Att | AF2: Cmp% | AG2: PrgP | AH2: Carries | AI2: PrgC | AJ2: Att | AK2: Succ | AL2: Match Report
A3: 0 | B3: 45816 | C3: Sun | D3: UEFA Nations League | E3: Final | F3: Away | G3: D 2 (3)–2 (5) | H3: es Spain | I3: pt Portugal | J3: Y | K3: FW | L3: 104 | M3: 0 | N3: 0 | O3: 0 | P3: 0 | Q3: 4 | R3: 2 | S3: 0 | T3: 0 | W3: 3 | AL3: Match Report
A4: 1 | B4: 45813 | C4: Thu | D4: UEFA Nations League | E4: Semi-finals | F4: Home | G4: W 5–4 | H4: es Spain | I4: fr France | J4: Y | K4: FW | L4: 90 | M4: 2 | N4: 0 | O4: 1 | P4: 1 | Q4: 5 | R4: 2 | S4: 1 | T4: 0 | W4: 1 | AL4: Match Report
A5: 2 | B5: 45802 | C5: Sun | D5: La Liga | E5: Matchweek 38 | F5: Away | G5: W 3–0 | H5: Barcelona | I5: Athletic Club | J5: Y | K5: RW | L5: 90 | M5: 0 | N5: 0 | O5: 0 | P5: 0 | Q5: 4 | R5: 1 | S5: 0 | T5: 0 | U5: 64 | V5: 0 | W5: 1 | X5: 0 | Y5: 0.3 | Z5: 0.3 | AA5: 0 | AB5: 4 | AC5: 0 | AD5: 39 | AE5: 51 | AF5: 76.5 | AG5: 4 | AH5: 51 | AI5: 2 | AJ5: 6 | AK5: 5 | AL5: Match Report
A6: 3 | B6: 45795 | C6: Sun | D6: La Liga | E6: Matchweek 37 | F6: Home | G6: L 2–3 | H6: Barcelona | I6: Villarreal | J6: Y | K6: RW | L6: 90 | M6: 1 | N6: 0 | O6: 0 | P6: 0 | Q6: 9 | R6: 4 | S6: 0 | T6: 0 | U6: 104 | V6: 0 | W6: 1 | X6: 0 | Y6: 0.3 | Z6: 0.3 | AA6: 0.1 | AB6: 9 | AC6: 1 | AD6: 62 | AE6: 83 | AF6: 74.7 | AG6: 5 | AH6: 80 | AI6: 8 | AJ6: 14 | AK6: 7 | AL6: Match Report
A7: 4 | B7: 45792 | C7: Thu | D7: La Liga | E7: Matchweek 36 | F7: Away | G7: W 2–0 | H7: Barcelona | I7: Espanyol | J7: Y | K7: RW | L7: 90 | M7: 1 | N7: 1 | O7: 0 | P7: 0 | Q7: 5 | R7: 2 | S7: 0 | T7: 0 | U7: 91 | V7: 3 | W7: 0 | X7: 0 | Y7: 0.2 | Z7: 0.2 | AA7: 0.1 | AB7: 4 | AC7: 2 | AD7: 55 | AE7: 73 | AF7: 75.3 | AG7: 7 | AH7: 59 | AI7: 9 | AJ7: 14 | AK7: 7 | AL7: Match Report
A8: AVERAGE | L8: =AVERAGE(L3:L7) -> 92.8 | M8: =AVERAGE(M3:M7) -> 0.8 | N8: =AVERAGE(N3:N7) -> 0.2 | O8: =AVERAGE(O3:O7) -> 0.2 | P8: =AVERAGE(P3:P7) -> 0.2 | Q8: =AVERAGE(Q3:Q7) -> 5.4 | R8: =AVERAGE(R3:R7) -> 2.2 | S8: =AVERAGE(S3:S7) -> 0.2 | ... AK8: =AVERAGE(AK3:AK7) -> 6.3333333
A9: CAREER | M9: =C12 -> 0.32 | N9: =C15 -> 0.36 | Q9: =C14 -> 4.49 | V9: =C28 -> 1.3 | W9: =C29 -> 0.46 | X9: =C30 -> 0.5 | Z9: =C13 -> 0.32 | AA9: =C17 -> 0.69 | AB9: =C18 -> 5.61 | AE9: =C20 -> 47.98 | AF9: =C21 -> 0.747 | AG9: =C22 -> 5.06 | AK9: =C24 -> 4.94
B11: Statistic | C11: Per 90 | D11: Percentile
A12: 0 | B12: Non-Penalty Goals | C12: 0.32 | D12: 70
A13: 1 | B13: npxG: Non-Penalty xG | C13: 0.32 | D13: 79
A14: 2 | B14: Shots Total | C14: 4.49 | D14: 99
A15: 3 | B15: Assists | C15: 0.36 | D15: 89
A16: 4 | B16: xAG: Exp. Assisted Goals | C16: 0.37 | D16: 95
A17: 5 | B17: npxG + xAG | C17: 0.69 | D17: 92
A18: 6 | B18: Shot-Creating Actions | C18: 5.61 | D18: 93
A19: 7
A20: 8 | B20: Passes Attempted | C20: 47.98 | D20: 86
A21: 9 | B21: Pass Completion % | C21: 0.747 | D21: 41
A22: 10 | B22: Progressive Passes | C22: 5.06 | D22: 76
A23: 11 | B23: Progressive Carries | C23: 5.81 | D23: 96
A24: 12 | B24: Successful Take-Ons | C24: 4.94 | D24: 99
A25: 13 | B25: Touches (Att Pen) | C25: 6.93 | D25: 92
A26: 14 | B26: Progressive Passes Rec | C26: 13.33 | D26: 97
A27: 15
A28: 16 | B28: Tackles | C28: 1.3 | D28: 50
A29: 17 | B29: Interceptions | C29: 0.46 | D29: 57
A30: 18 | B30: Blocks | C30: 0.5 | D30: 11
A31: 19 | B31: Clearances | C31: 0.11 | D31: 1
A32: 20 | B32: Aerials Won | C32: 0.05 | D32: 1

Sheet Omar Marmoush

Sheet Matheus Nunes

Sheet Ilkay Gundogan

Sheet Rico Lewis
B1: Unnamed: 0_level_0 | C1: Unnamed: 1_level_0 | D1: Unnamed: 2_level_0 | E1: Unnamed: 3_level_0 | F1: Unnamed: 4_level_0 | G1: Unnamed: 5_level_0 | H1: Unnamed: 6_level_0 | I1: Unnamed: 7_level_0 | J1: Unnamed: 8_level_0 | K1: Unnamed: 9_level_0 | L1: Performance | M1: Performance | N1: Performance | O1: Performance | P1: Performance | Q1: Performance | R1: Performance | S1: Performance | T1: Performance | U1: Performance | V1: Performance | W1: Performance | X1: Expected | Y1: Expected | Z1: Expected | AA1: SCA | AB1: SCA | AC1: Passes | AD1: Passes | AE1: Passes | AF1: Passes | AG1: Carries | AH1: Carries | AI1: Take-Ons | AJ1: Take-Ons | AK1: Unnamed: 35_level_0
B2: Date | C2: Day | D2: Round | E2: Venue | F2: Result | G2: Squad | H2: Opponent | I2: Start | J2: Pos | K2: Min | L2: Gls | M2: Ast | N2: PK | O2: PKatt | P2: Sh | Q2: SoT | R2: CrdY | S2: CrdR | T2: Touches | U2: Tkl | V2: Int | W2: Blocks | X2: xG | Y2: npxG | Z2: xAG | AA2: SCA | AB2: GCA | AC2: Cmp | AD2: Att | AE2: Cmp% | AF2: PrgP | AG2: Carries | AH2: PrgC | AI2: Att | AJ2: Succ | AK2: Match Report
A3: 0 | B3: 45753 | C3: Sun | D3: Matchweek 31 | E3: Away | F3: D 0–0 | G3: Manchester City | H3: Manchester Utd | I3: N | J3: LB | K3: 17 | L3: 0 | M3: 0 | N3: 0 | O3: 0 | P3: 0 | Q3: 0 | R3: 0 | S3: 0 | T3: 19 | U3: 1 | V3: 1 | W3: 1 | X3: 0 | Y3: 0 | Z3: 0 | AA3: 0 | AB3: 0 | AC3: 11 | AD3: 13 | AE3: 84.6 | AF3: 2 | AG3: 13 | AH3: 0 | AI3: 1 | AJ3: 0 | AK3: Match Report
A4: 1 | B4: 45749 | C4: Wed | D4: Matchweek 30 | E4: Home | F4: W 2–0 | G4: Manchester City | H4: Leicester City | I4: N | J4: DM | K4: 1 | L4: 0 | M4: 0 | N4: 0 | O4: 0 | P4: 0 | Q4: 0 | R4: 0 | S4: 0 | T4: 2 | U4: 0 | V4: 0 | W4: 0 | X4: 0 | Y4: 0 | Z4: 0 | AA4: 0 | AB4: 0 | AC4: 1 | AD4: 2 | AE4: 50 | AF4: 0 | AG4: 0 | AH4: 0 | AI4: 0 | AJ4: 0 | AK4: Match Report
A5: 2 | B5: 45731 | C5: Sat | D5: Matchweek 29 | E5: Home | F5: D 2–2 | G5: Manchester City | H5: Brighton | I5: Y | J5: RB | K5: 90 | L5: 0 | M5: 0 | N5: 0 | O5: 0 | P5: 0 | Q5: 0 | R5: 0 | S5: 0 | T5: 70 | U5: 2 | V5: 0 | W5: 1 | X5: 0 | Y5: 0 | Z5: 0 | AA5: 0 | AB5: 0 | AC5: 50 | AD5: 59 | AE5: 84.7 | AF5: 3 | AG5: 29 | AH5: 0 | AI5: 0 | AJ5: 0 | AK5: Match Report
A6: 3 | B6: 45724 | C6: Sat | D6: Matchweek 28 | E6: Away | F6: L 0–1 | G6: Manchester City | H6: Nott'ham Forest | I6: N | J6: RB | K6: 30 | L6: 0 | M6: 0 | N6: 0 | O6: 0 | P6: 0 | Q6: 0 | R6: 0 | S6: 0 | T6: 23 | U6: 0 | V6: 0 | W6: 0 | X6: 0 | Y6: 0 | Z6: 0 | AA6: 0 | AB6: 0 | AC6: 19 | AD6: 21 | AE6: 90.5 | AF6: 2 | AG6: 14 | AH6: 2 | AI6: 2 | AJ6: 2 | AK6: Match Report
A7: 4 | B7: 45711 | C7: Sun | D7: Matchweek 26 | E7: Home | F7: L 0–2 | G7: Manchester City | H7: Liverpool | I7: Y | J7: RB | K7: 90 | L7: 0 | M7: 0 | N7: 0 | O7: 0 | P7: 1 | Q7: 0 | R7: 0 | S7: 0 | T7: 94 | U7: 1 | V7: 0 | W7: 1 | X7: 0.2 | Y7: 0.2 | Z7: 0 | AA7: 3 | AB7: 0 | AC7: 83 | AD7: 87 | AE7: 95.4 | AF7: 6 | AG7: 60 | AH7: 0 | AI7: 1 | AJ7: 0 | AK7: Match Report
